LAB-001|LABUBU Pen|22.82|LABUBU
LAB-002|LABUBU Phone Charm|13.06|LABUBU
SMI-003|SMISKI Plush|25.75|SMISKI
HIR-004|HIRONO Notebook|24.57|HIRONO
HIR-005|HIRONO Figure|29.79|HIRONO
HIR-006|HIRONO Plush|35.74|HIRONO
SKU-007|SKULLPANDA Phone Charm|8.46|SKULLPANDA
LAB-008|LABUBU Notepad|6.83|LABUBU
HIR-009|HIRONO Keychain|5.74|HIRONO
HIR-010|HIRONO Notepad|36.48|HIRONO
MOF-011|MOFUSAND Notebook|32.42|MOFUSAND
LAB-012|LABUBU Phone Charm|34.72|LABUBU
SMI-013|SMISKI Notepad|34.95|SMISKI
MOF-014|MOFUSAND Blind Box|14.7|MOFUSAND
MOF-015|MOFUSAND Keychain|18.02|MOFUSAND
SMI-016|SMISKI Plush|22.33|SMISKI
MOF-017|MOFUSAND Hipper|18.78|MOFUSAND
SMI-018|SMISKI Notepad|31.74|SMISKI
SKU-019|SKULLPANDA Notepad|35.89|SKULLPANDA
SMI-020|SMISKI Sticker Pack|39.42|SMISKI
LAB-021|LABUBU Sticker Pack|9.81|LABUBU
SMI-022|SMISKI Notepad|39.91|SMISKI
LAB-023|LABUBU Hipper|33.46|LABUBU
SMI-024|SMISKI Blind Box|26.84|SMISKI
SMI-025|SMISKI Notebook|7.25|SMISKI
HIR-026|HIRONO Blind Box|27.01|HIRONO
HIR-027|HIRONO Notepad|21.58|HIRONO
HIR-028|HIRONO Pen|6.08|HIRONO
LAB-029|LABUBU Notepad|28.77|LABUBU
LAB-030|LABUBU Notepad|32.97|LABUBU
HIR-031|HIRONO Hipper|15.47|HIRONO
SKU-032|SKULLPANDA Plush|7.66|SKULLPANDA
LAB-033|LABUBU Phone Charm|15.3|LABUBU
SKU-034|SKULLPANDA Notepad|9.03|SKULLPANDA
MOF-035|MOFUSAND Plush|21.83|MOFUSAND
LAB-036|LABUBU Notebook|6.9|LABUBU
SKU-037|SKULLPANDA Pen|6.68|SKULLPANDA
MOF-038|MOFUSAND Notebook|16.72|MOFUSAND
SKU-039|SKULLPANDA Notebook|13.44|SKULLPANDA
SMI-040|SMISKI Phone Charm|30.41|SMISKI
LAB-041|LABUBU Notepad|10.61|LABUBU
HIR-042|HIRONO Notepad|37.6|HIRONO
HIR-043|HIRONO Sticker Pack|35.87|HIRONO
HIR-044|HIRONO Keychain|19.28|HIRONO
HIR-045|HIRONO Blind Box|7.15|HIRONO
MOF-046|MOFUSAND Blind Box|14.62|MOFUSAND
SMI-047|SMISKI Sticker Pack|19.75|SMISKI
MOF-048|MOFUSAND Blind Box|18.34|MOFUSAND
SMI-049|SMISKI Notepad|11.47|SMISKI
HIR-050|HIRONO Plush|30.75|HIRONO
